{
  "Apple": {
    "Cherry_(including_sour)": {
      "geo": 0.7666326530612245,
      "mahalanobis": 0.6864285714285715,
      "cosine_knn": 0.4693877551020408,
      "isolation_forest": 0.5657142857142857,
      "ocsvm": 0.5533673469387755,
      "lof": 0.4676530612244898
    },
    "Corn_(maize)": {
      "geo": 0.16896666666666665,
      "mahalanobis": 0.10493333333333334,
      "cosine_knn": 0.04166666666666667,
      "isolation_forest": 0.08310000000000001,
      "ocsvm": 0.015233333333333335,
      "lof": 0.018166666666666668
    },
    "Grape": {
      "geo": 0.850140350877193,
      "mahalanobis": 0.5782105263157895,
      "cosine_knn": 0.5252631578947369,
      "isolation_forest": 0.536,
      "ocsvm": 0.5143859649122807,
      "lof": 0.5103508771929824
    },
    "Peach": {
      "geo": 0.5636666666666666,
      "mahalanobis": 0.6255555555555555,
      "cosine_knn": 0.35333333333333333,
      "isolation_forest": 0.4281111111111111,
      "ocsvm": 0.352,
      "lof": 0.29300000000000004
    },
    "Pepper,_bell": {
      "geo": 0.8290000000000001,
      "mahalanobis": 0.7236,
      "cosine_knn": 0.5922000000000001,
      "isolation_forest": 0.5207,
      "ocsvm": 0.5539000000000001,
      "lof": 0.6075
    },
    "Potato": {
      "geo": 0.8901234567901233,
      "mahalanobis": 0.7378395061728396,
      "cosine_knn": 0.5143827160493828,
      "isolation_forest": 0.5066049382716049,
      "ocsvm": 0.5616049382716051,
      "lof": 0.5032716049382716
    },
    "Strawberry": {
      "geo": 0.9933684210526316,
      "mahalanobis": 0.923578947368421,
      "cosine_knn": 0.7702105263157895,
      "isolation_forest": 0.6357894736842105,
      "ocsvm": 0.6021052631578948,
      "lof": 0.7060000000000001
    },
    "Tomato": {
      "geo": 0.8033221099887766,
      "mahalanobis": 0.6710325476992143,
      "cosine_knn": 0.6566329966329967,
      "isolation_forest": 0.3857912457912458,
      "ocsvm": 0.5407407407407407,
      "lof": 0.5407070707070707
    }
  },
  "Tomato": {
    "Apple": {
      "geo": 0.8001,
      "mahalanobis": 0.5259333333333334,
      "cosine_knn": 0.5556333333333334,
      "isolation_forest": 0.4466,
      "ocsvm": 0.5430666666666666,
      "lof": 0.5242666666666667
    },
    "Cherry_(including_sour)": {
      "geo": 0.8971428571428571,
      "mahalanobis": 0.49132653061224485,
      "cosine_knn": 0.7874489795918368,
      "isolation_forest": 0.8227551020408164,
      "ocsvm": 0.7753061224489796,
      "lof": 0.7886734693877551
    },
    "Corn_(maize)": {
      "geo": 0.0859,
      "mahalanobis": 0.028533333333333338,
      "cosine_knn": 0.015000000000000001,
      "isolation_forest": 0.3042666666666667,
      "ocsvm": 0.0075000000000000015,
      "lof": 0.0084
    },
    "Grape": {
      "geo": 0.7312631578947368,
      "mahalanobis": 0.43645614035087715,
      "cosine_knn": 0.3560350877192982,
      "isolation_forest": 0.46789473684210525,
      "ocsvm": 0.30403508771929827,
      "lof": 0.27161403508771936
    },
    "Peach": {
      "geo": 0.40077777777777773,
      "mahalanobis": 0.5736666666666667,
      "cosine_knn": 0.4177777777777777,
      "isolation_forest": 0.5242222222222223,
      "ocsvm": 0.3055555555555556,
      "lof": 0.37666666666666665
    },
    "Pepper,_bell": {
      "geo": 0.7827,
      "mahalanobis": 0.34060000000000007,
      "cosine_knn": 0.4225,
      "isolation_forest": 0.4169,
      "ocsvm": 0.48450000000000004,
      "lof": 0.40530000000000005
    },
    "Potato": {
      "geo": 0.9405555555555557,
      "mahalanobis": 0.7437654320987653,
      "cosine_knn": 0.7674074074074074,
      "isolation_forest": 0.547962962962963,
      "ocsvm": 0.6272222222222223,
      "lof": 0.7408641975308642
    },
    "Strawberry": {
      "geo": 0.9823157894736841,
      "mahalanobis": 0.856,
      "cosine_knn": 0.6184210526315789,
      "isolation_forest": 0.48473684210526313,
      "ocsvm": 0.4782105263157895,
      "lof": 0.5355789473684212
    }
  },
  "Grape": {
    "Apple": {
      "geo": 0.5256333333333333,
      "mahalanobis": 0.4362666666666667,
      "cosine_knn": 0.336,
      "isolation_forest": 0.19796666666666668,
      "ocsvm": 0.27916666666666673,
      "lof": 0.2932666666666667
    },
    "Cherry_(including_sour)": {
      "geo": 0.7254081632653061,
      "mahalanobis": 0.6625510204081633,
      "cosine_knn": 0.7625510204081632,
      "isolation_forest": 0.6411224489795919,
      "ocsvm": 0.5772448979591837,
      "lof": 0.5988775510204082
    },
    "Corn_(maize)": {
      "geo": 0.14813333333333334,
      "mahalanobis": 0.17113333333333336,
      "cosine_knn": 0.06863333333333334,
      "isolation_forest": 0.3278,
      "ocsvm": 0.023666666666666673,
      "lof": 0.03013333333333334
    },
    "Peach": {
      "geo": 0.42366666666666664,
      "mahalanobis": 0.30766666666666664,
      "cosine_knn": 0.30244444444444446,
      "isolation_forest": 0.4251111111111111,
      "ocsvm": 0.23766666666666664,
      "lof": 0.2663333333333333
    },
    "Pepper,_bell": {
      "geo": 0.7343000000000001,
      "mahalanobis": 0.5895,
      "cosine_knn": 0.6338,
      "isolation_forest": 0.5172,
      "ocsvm": 0.5381,
      "lof": 0.5679000000000001
    },
    "Potato": {
      "geo": 0.8294444444444444,
      "mahalanobis": 0.6798148148148148,
      "cosine_knn": 0.556604938271605,
      "isolation_forest": 0.3212345679012346,
      "ocsvm": 0.45901234567901233,
      "lof": 0.5093827160493827
    },
    "Strawberry": {
      "geo": 0.9831578947368421,
      "mahalanobis": 0.944,
      "cosine_knn": 0.6833684210526316,
      "isolation_forest": 0.6920000000000001,
      "ocsvm": 0.5837894736842105,
      "lof": 0.6521052631578947
    },
    "Tomato": {
      "geo": 0.8056453423120091,
      "mahalanobis": 0.6443097643097643,
      "cosine_knn": 0.6914029180695846,
      "isolation_forest": 0.5934006734006734,
      "ocsvm": 0.6143322109988777,
      "lof": 0.6204938271604938
    }
  },
  "Strawberry": {
    "Apple": {
      "geo": 0.6359333333333334,
      "mahalanobis": 0.47453333333333325,
      "cosine_knn": 0.4886666666666667,
      "isolation_forest": 0.4285999999999999,
      "ocsvm": 0.4007666666666667,
      "lof": 0.43086666666666673
    },
    "Cherry_(including_sour)": {
      "geo": 0.9853061224489796,
      "mahalanobis": 0.843469387755102,
      "cosine_knn": 0.8348979591836735,
      "isolation_forest": 0.7540816326530613,
      "ocsvm": 0.8534693877551021,
      "lof": 0.8987755102040815
    },
    "Corn_(maize)": {
      "geo": 0.11766666666666667,
      "mahalanobis": 0.2717333333333333,
      "cosine_knn": 0.0688,
      "isolation_forest": 0.09533333333333334,
      "ocsvm": 0.01736666666666667,
      "lof": 0.01963333333333334
    },
    "Grape": {
      "geo": 0.7569824561403509,
      "mahalanobis": 0.49322807017543857,
      "cosine_knn": 0.5507719298245614,
      "isolation_forest": 0.5934736842105264,
      "ocsvm": 0.5723508771929824,
      "lof": 0.5570877192982456
    },
    "Peach": {
      "geo": 0.3512222222222222,
      "mahalanobis": 0.3433333333333333,
      "cosine_knn": 0.4135555555555555,
      "isolation_forest": 0.4377777777777778,
      "ocsvm": 0.3452222222222222,
      "lof": 0.4177777777777778
    },
    "Pepper,_bell": {
      "geo": 0.6599,
      "mahalanobis": 0.3781,
      "cosine_knn": 0.4589,
      "isolation_forest": 0.5078999999999999,
      "ocsvm": 0.43790000000000007,
      "lof": 0.43739999999999996
    },
    "Potato": {
      "geo": 0.9284567901234568,
      "mahalanobis": 0.6764814814814816,
      "cosine_knn": 0.7424691358024691,
      "isolation_forest": 0.6497530864197532,
      "ocsvm": 0.7425308641975309,
      "lof": 0.764320987654321
    },
    "Tomato": {
      "geo": 0.7643995510662177,
      "mahalanobis": 0.6505050505050505,
      "cosine_knn": 0.6833894500561167,
      "isolation_forest": 0.5753086419753086,
      "ocsvm": 0.6657912457912458,
      "lof": 0.6628170594837262
    }
  },
  "Corn_(maize)": {
    "Apple": {
      "geo": 0.2206,