{
  "Apple": {
    "geo": 0.7936999999999999,
    "topo": 0.4585,
    "fusion": 0.6259333333333335,
    "n": 400
  },
  "Cherry_(including_sour)": {
    "geo": 0.894,
    "topo": 0.5647,
    "fusion": 0.7378000000000001,
    "n": 200
  },
  "Corn_(maize)": {
    "geo": 0.08273333333333334,
    "topo": 0.21753333333333336,
    "fusion": 0.08510000000000001,
    "n": 400
  },
  "Grape": {
    "geo": 0.7231666666666666,
    "topo": 0.4250333333333334,
    "fusion": 0.5741333333333334,
    "n": 400
  },
  "Peach": {
    "geo": 0.3872,
    "topo": 0.306,
    "fusion": 0.3315,
    "n": 200
  },
  "Pepper,_bell": {
    "geo": 0.7765,
    "topo": 0.5347,
    "fusion": 0.671,
    "n": 200
  },
  "Potato": {
    "geo": 0.9355,
    "topo": 0.74165,
    "fusion": 0.85325,
    "n": 300
  },
  "Strawberry": {
    "geo": 0.9810000000000001,
    "topo": 0.7311,
    "fusion": 0.9142,
    "n": 200
  }
}