{
  "Apple": {
    "geo": 0.5187666666666666,
    "topo": 0.3768666666666667,
    "fusion": 0.4429666666666667,
    "n": 400
  },
  "Cherry_(including_sour)": {
    "geo": 0.7303999999999999,
    "topo": 0.5193000000000001,
    "fusion": 0.6268,
    "n": 200
  },
  "Corn_(maize)": {
    "geo": 0.13943333333333335,
    "topo": 0.2839,
    "fusion": 0.15466666666666667,
    "n": 400
  },
  "Peach": {
    "geo": 0.4085,
    "topo": 0.22880000000000003,
    "fusion": 0.3004,
    "n": 200
  },
  "Pepper,_bell": {
    "geo": 0.7344999999999999,
    "topo": 0.4787,
    "fusion": 0.6176999999999999,
    "n": 200
  },
  "Potato": {
    "geo": 0.82895,
    "topo": 0.5428,
    "fusion": 0.7056,
    "n": 300
  },
  "Strawberry": {
    "geo": 0.9801000000000001,
    "topo": 0.7256,
    "fusion": 0.8989999999999999,
    "n": 200
  },
  "Tomato": {
    "geo": 0.8076888888888889,
    "topo": 0.6829333333333334,
    "fusion": 0.759,
    "n": 1000
  }
}