{
  "Apple": {
    "geo": 0.2206,
    "topo": 0.5718,
    "fusion": 0.34773333333333334,
    "n": 400
  },
  "Cherry_(including_sour)": {
    "geo": 0.6280000000000001,
    "topo": 0.3062,
    "fusion": 0.47230000000000005,
    "n": 200
  },
  "Grape": {
    "geo": 0.6955999999999999,
    "topo": 0.4542,
    "fusion": 0.6124,
    "n": 400
  },
  "Peach": {
    "geo": 0.7320000000000001,
    "topo": 0.5673,
    "fusion": 0.6838000000000001,
    "n": 200
  },
  "Pepper,_bell": {
    "geo": 0.4676,
    "topo": 0.49749999999999994,
    "fusion": 0.4636,
    "n": 200
  },
  "Potato": {
    "geo": 0.51825,
    "topo": 0.41579999999999995,
    "fusion": 0.45909999999999995,
    "n": 300
  },
  "Strawberry": {
    "geo": 0.38780000000000003,
    "topo": 0.4913,
    "fusion": 0.4365,
    "n": 200
  },
  "Tomato": {
    "geo": 0.8389,
    "topo": 0.5016111111111111,
    "fusion": 0.7269222222222221,
    "n": 1000
  }
}