{
  "Cherry_(including_sour)": {
    "geo": 0.7708,
    "topo": 0.7462000000000001,
    "fusion": 0.7709,
    "n": 200
  },
  "Corn_(maize)": {
    "geo": 0.16896666666666665,
    "topo": 0.20903333333333332,
    "fusion": 0.1353,
    "n": 400
  },
  "Grape": {
    "geo": 0.8453333333333334,
    "topo": 0.6103,
    "fusion": 0.7531333333333333,
    "n": 400
  },
  "Peach": {
    "geo": 0.5607,
    "topo": 0.4459,
    "fusion": 0.5029,
    "n": 200
  },
  "Pepper,_bell": {
    "geo": 0.8290000000000001,
    "topo": 0.6758,
    "fusion": 0.7793,
    "n": 200
  },
  "Potato": {
    "geo": 0.8862000000000001,
    "topo": 0.6822999999999999,
    "fusion": 0.7916500000000001,
    "n": 300
  },
  "Strawberry": {
    "geo": 0.9935,
    "topo": 0.7905000000000001,
    "fusion": 0.9334,
    "n": 200
  },
  "Tomato": {
    "geo": 0.8029222222222221,
    "topo": 0.6624333333333334,
    "fusion": 0.7424444444444445,
    "n": 1000
  }
}