{
  "Apple": {
    "geo": 0.6329333333333333,
    "topo": 0.49316666666666664,
    "fusion": 0.5716000000000001,
    "n": 400
  },
  "Cherry_(including_sour)": {
    "geo": 0.9869,
    "topo": 0.9595,
    "fusion": 0.9868,
    "n": 200
  },
  "Corn_(maize)": {
    "geo": 0.11516666666666667,
    "topo": 0.1580666666666667,
    "fusion": 0.07623333333333335,
    "n": 400
  },
  "Grape": {
    "geo": 0.7584333333333333,
    "topo": 0.6479999999999999,
    "fusion": 0.7168333333333334,
    "n": 400
  },
  "Peach": {
    "geo": 0.35880000000000006,
    "topo": 0.36970000000000003,
    "fusion": 0.34140000000000004,
    "n": 200
  },
  "Pepper,_bell": {
    "geo": 0.6582000000000001,
    "topo": 0.48940000000000006,
    "fusion": 0.5874000000000001,
    "n": 200
  },
  "Potato": {
    "geo": 0.9329500000000001,
    "topo": 0.7585,
    "fusion": 0.8663500000000001,
    "n": 300
  },
  "Tomato": {
    "geo": 0.7679833333333332,
    "topo": 0.6627777777777777,
    "fusion": 0.7282666666666667,
    "n": 1000
  }
}