{
  "Apple_Strawberry": {
    "dino": 0.9935,
    "clip": 0.9800000000000001,
    "resnet": 0.79
  },
  "Apple_Corn_(maize)": {
    "dino": 0.16896666666666665,
    "clip": 0.32303333333333334,
    "resnet": 0.39513333333333334
  },
  "Corn_(maize)_Apple": {
    "dino": 0.2206,
    "clip": 0.5449333333333333,
    "resnet": 0.5653
  },
  "Tomato_Strawberry": {
    "dino": 0.9810000000000001,
    "clip": 0.9817,
    "resnet": 0.5982000000000001
  },
  "Grape_Peach": {
    "dino": 0.4085,
    "clip": 0.4577,
    "resnet": 0.5081
  },
  "Strawberry_Tomato": {
    "dino": 0.7679888888888888,
    "clip": 0.752,
    "resnet": 0.4744666666666667
  },
  "Tomato_Corn_(maize)": {
    "dino": 0.08273333333333334,
    "clip": 0.15326666666666666,
    "resnet": 0.4100333333333333
  },
  "Apple_Potato": {
    "dino": 0.8862,
    "clip": 0.9240999999999999,
    "resnet": 0.7381
  },
  "Grape_Apple": {
    "dino": 0.5187666666666666,
    "clip": 0.5614333333333333,
    "resnet": 0.6458333333333333
  },
  "Corn_(maize)_Tomato": {
    "dino": 0.8389,
    "clip": 0.745,
    "resnet": 0.32101111111111114
  }
}